Country,Cases,Deaths
Algeria,5,0
Antigua and Barbuda,2,0
Argentina,2485,60
Australia,5298,10
Austria,19,0
Bahamas,7,0
Bahrain,15,0
Bangladesh,18,0
Barbados,12,0
Belgium,54,0
Bermuda,1,0
Bolivia,416,0
Bosnia and Hezegovina,1,0
Brazil,737,1
British Virgin Islands,2,0
Brunei Darussalam,124,0
Bulgaria,10,0
Cambodia,7,0
Canada,7983,25
Cap Verde,3,0
Cayman Islands,14,0
Chile,7376,14
China,2040,0
Colombia,118,2
Cook Island,1,0
Costa Rica,277,3
Cote d'Ivoire,2,0
Croatia,1,0
Cuba,85,0
Cyprus,109,0
Czech Republic,15,0
Denmark,66,0
Dominica,1,0
Dominican Republic,108,2
Ecuador,204,0
Egypt,78,0
El Salvador,319,0
Estonia,13,0
Ethiopia,3,0
Fiji,2,0
Finland,47,0
France,310,0
French Polynesia,4,0
Guadaloupe,2,0
Martinique,3,0
New Caledonia,12,0
Saint Martin,1,0
Germany,505,0
Greece,151,0
Guatemala,286,2
Guyana,2,0
Honduras,123,1
Hungary,11,0
Iceland,4,0
India,129,0
Indonesia,20,0
Iran,1,0
Iraq,12,0
Ireland,74,0
Israel,681,0
Italy,146,0
Jamaica,32,0
Japan,1790,0
Jordan,23,0
Kenya,15,0
Korea,202,0
Kuwait,35,0
Laos,5,0
Latvia,1,0
Lebanon,49,0
Libya,1,0
Lithuania,3,0
Luxembourg,6,0
Malaysia,112,0
Malta,24,0
Mauritius,1,0
Mexico,10262,119
Montenegro,10,0
Morocco,17,0
Myanmar,1,0
Nepal,5,0
Netherlands,135,0
Netherlands,5,0
Netherlands Antilles,8,0
Netherlands Antilles,7,0
New Zealand,1059,3
Nicaragua,321,0
Norway,41,0
Oman,4,0
Palau,1,0
Panama,417,0
Papua New Guinea,1,0
Paraguay,106,1
Peru,916,0
Philippines,1709,1
Poland,25,0
Portugal,42,0
Qatar,23,0
Romania,41,0
Russia,3,0
Saint Lucia,1,0
Samoa,1,0
Saudi Arabia,114,0
Serbia,15,0
Singapore,1055,0
Slovakia,18,0
Slovenia,14,0
South Africa,18,0
Spain,776,1
Sri Lanka,19,0
Suriname,11,0
Sweden,84,0
Switzerland,76,0
Syria,1,0
Thailand,2076,7
The former Yugoslav Republic of Macedonia,2,0
Trinidad and Tobago,65,0
Tunisia,5,0
Turkey,40,0
Uganda,1,0
Ukraine,1,0
United Arab Emirates,8,0
United Kingdom,7447,3
Guernsey,5,0
Isle of Man,1,0
Jersey,11,0
United States of America,33902,170
Puerto Rico,18,0
Virgin Islands,1,0
Uruguay,195,4
Vanuatu,2,0
Venezuela,206,0
Viet Nam,181,0
West Bank and Gaza Strip,60,0
Yemen,8,0
Algeria,5,0
Antigua and Barbuda,2,0
Argentina,1587,26
Australia,4568,9
Austria,15,0
Bahamas,6,0
Bahrain,15,0
Bangladesh,12,0
Barbados,12,0
Belgium,49,0
Bermuda,1,0
Bolivia,283,0
Bosnia and Hezegovina,1,0
Brazil,737,1
British Virgin Islands,2,0
Brunei Darussalam,85,0
Bulgaria,10,0
Cambodia,7,0
Canada,7983,25
Cap Verde,3,0
Cayman Islands,14,0
Chile,7376,14
China,1814,0
Colombia,101,2
Costa Rica,227,2
Cote d'Ivoire,2,0
Cuba,73,0
Cyprus,70,0
Czech Republic,15,0
Denmark,63,0
Dominica,1,0
Dominican Republic,108,2
Ecuador,163,0
Egypt,67,0
El Salvador,253,0
Estonia,13,0
Ethiopia,3,0
Fiji,2,0
Finland,43,0
France,300,0
French Polynesia,2,0
Martinique,2,0
France,6,0
Germany,470,0
Greece,109,0
Guatemala,254,2
Honduras,123,1
Hungary,11,0
Iceland,4,0
India,104,0
Indonesia,8,0
Iran,1,0
Iraq,11,0
Ireland,51,0
Israel,577,0
Italy,130,0
Jamaica,32,0
Japan,1446,0
Jordan,22,0
Kenya,12,0
Korea,202,0
Kuwait,35,0
Laos,3,0
Latvia,1,0
Lebanon,47,0
Lithuania,3,0
Luxembourg,4,0
Malaysia,112,0
Malta,2,0
Mauritius,1,0
Mexico,10262,119
Montenegro,9,0
Morocco,17,0
Myanmar,1,0
Nepal,5,0
Netherlands,134,0
Netherlands,5,0
Netherlands Antilles,8,0
Netherlands Antilles,7,0
New Zealand,912,0
Nicaragua,308,0
Norway,41,0
Oman,3,0
Palau,1,0
Panama,417,0
Papua New Guinea,1,0
Paraguay,103,0
Peru,538,0
Philippines,1709,1
Poland,19,0
Portugal,27,0
Qatar,10,0
Romania,36,0
Russia,3,0
Saint Lucia,1,0
Samoa,1,0
Saudi Arabia,89,0
Serbia,15,0
Singapore,878,0
Slovakia,18,0
Slovenia,5,0
South Africa,12,0
Spain,760,1
Sri Lanka,17,0
Suriname,11,0
Sweden,74,0
Switzerland,72,0
Thailand,1414,3
Trinidad and Tobago,53,0
Tunisia,3,0
Turkey,40,0
Uganda,1,0
Ukraine,1,0
United Arab Emirates,8,0
United Kingdom,7447,3
Guernsey,5,0
Isle of Man,1,0
Jersey,11,0
United States of America,33902,170
Uruguay,195,1
Vanuatu,2,0
Venezuela,204,0
Viet Nam,131,0
West Bank and Gaza Strip,30,0
Yemen,7,0
Algeria,2,0
Antigua and Barbuda,2,0
Argentina,1587,26
Australia,4090,7
Austria,15,0
Bahamas,6,0
Bahrain,15,0
Bangladesh,1,0
Barbados,10,0
Belgium,47,0
Bermuda,1,0
Bolivia,205,0
Brazil,680,1
British Virgin Islands,1,0
Brunei Darussalam,29,0
Bulgaria,10,0
Cambodia,6,0
Canada,7983,25
Cap Verde,3,0
Cayman Islands,13,0
Chile,6211,12
China,1518,0
Colombia,93,2
Costa Rica,279,2
Cote d'Ivoire,2,0
Cuba,46,0
Cyprus,48,0
Czech Republic,9,0
Denmark,55,0
Dominica,1,0
Dominican Republic,108,2
Ecuador,163,0
Egypt,67,0
El Salvador,226,0
Estonia,13,0
Ethiopia,2,0
Fiji,2,0
Finland,26,0
France,277,0
French Polynesia,2,0
Martinique,2,0
France,6,0
Germany,417,0
Greece,92,0
Guatemala,254,2
Honduras,118,1
Hungary,10,0
Iceland,4,0
India,104,0
Indonesia,8,0
Iran,1,0
Iraq,11,0
Ireland,41,0
Israel,506,0
Italy,123,0
Jamaica,32,0
Japan,1266,0
Jordan,20,0
Kenya,1,0
Korea,202,0
Kuwait,34,0
Laos,3,0
Latvia,1,0
Lebanon,39,0
Lithuania,1,0
Luxembourg,4,0
Malaysia,112,0
Mauritius,7,0
Mexico,8680,116
Montenegro,4,0
Morocco,17,0
Myanmar,1,0
Nepal,3,0
Netherlands,128,0
Netherlands Antilles,7,0
Netherlands Antilles,7,0
New Zealand,711,0
Nicaragua,293,0
Norway,32,0
Oman,3,0
Panama,417,0
Papua New Guinea,1,0
Paraguay,96,0
Peru,538,0
Philippines,861,1
Poland,15,0
Portugal,17,0
Qatar,10,0
Romania,28,0
Russia,3,0
Saint Lucia,1,0
Samoa,1,0
Saudi Arabia,81,0
Serbia,12,0
Singapore,701,0
Slovakia,13,0
Slovenia,4,0
South Africa,1,0
Spain,717,1
Sri Lanka,15,0
Suriname,11,0
Sweden,69,0
Switzerland,56,0
Thailand,1414,3
Trinidad and Tobago,53,0
Tunisia,3,0
Turkey,32,0
Ukraine,1,0
United Arab Emirates,8,0
United Kingdom,6538,3
Guernsey,5,0
Isle of Man,1,0
Jersey,8,0
United States of America,27717,127
Uruguay,195,1
Vanuatu,2,0
Venezuela,193,0
Viet Nam,123,0
West Bank and Gaza Strip,13,0
Yemen,7,0
Algeria,2,0
Antigua and Barbuda,2,0
Argentina,1488,23
Australia,4038,7
Austria,12,0
Bahamas,4,0
Bahrain,15,0
Bangladesh,1,0
Barbados,10,0
Belgium,43,0
Bermuda,1,0
Bolivia,126,0
Brazil,452,0
British Virgin Islands,1,0
Brunei Darussalam,29,0
Bulgaria,7,0
Cambodia,6,0
Canada,7775,21
Cap Verde,3,0
Cayman Islands,9,0
Chile,5186,7
China,1442,0
Colombia,88,2
Costa Rica,255,1
Cote d'Ivoire,2,0
Cuba,34,0
Cyprus,25,0
Czech Republic,9,0
Denmark,44,0
Dominica,1,0
Dominican Republic,108,2
Ecuador,125,0
Egypt,50,0
El Salvador,226,0
Estonia,13,0
Ethiopia,2,0
Fiji,2,0
Finland,26,0
France,235,0
French Polynesia,3,0
Martinique,2,0
Germany,366,0
Greece,86,0
Guatemala,254,2
Honduras,118,1
Hungary,8,0
Iceland,4,0
India,64,0
Indonesia,8,0
Iran,1,0
Iraq,10,0
Ireland,39,0
Israel,469,0
Italy,112,0
Jamaica,21,0
Japan,1212,0
Jordan,18,0
Korea,202,0
Kuwait,30,0
Laos,3,0
Latvia,1,0
Lebanon,25,0
Lithuania,1,0
Luxembourg,4,0
Malaysia,112,0
Mexico,8279,116
Monaco,1,0
Montenegro,1,0
Morocco,11,0
Nepal,3,0
Netherlands,118,0
Netherlands Antilles,3,0
Netherlands Antilles,1,0
New Zealand,587,0
Nicaragua,277,0
Norway,31,0
Oman,3,0
Panama,403,0
Papua New Guinea,1,0
Paraguay,85,0
Peru,360,0
Philippines,861,1
Poland,14,0
Portugal,11,0
Qatar,10,0
Romania,24,0
Russia,3,0
Samoa,1,0
Saudi Arabia,69,0
Serbia,5,0
Singapore,599,0
Slovakia,9,0
Slovenia,4,0
South Africa,1,0
Spain,541,0
Sri Lanka,9,0
Suriname,11,0
Sweden,67,0
Switzerland,49,0
Thailand,774,0
Trinidad and Tobago,53,0
Tunisia,2,0
Turkey,27,0
Ukraine,1,0
United Arab Emirates,8,0
United Kingdom,4250,1
Guernsey,1,0
Isle of Man,1,0
Jersey,8,0
United States of America,27717,127
Uruguay,195,0
Vanuatu,2,0
Venezuela,172,0
Viet Nam,84,0
West Bank and Gaza Strip,9,0
Yemen,6,0
Algeria,2,0
Antigua and Barbuda,2,0
Argentina,1391,21
Australia,3280,3
Austria,12,0
Bahamas,4,0
Bahrain,15,0
Bangladesh,1,0
Barbados,10,0
Belgium,36,0
Bermuda,1,0
Bolivia,47,0
Brazil,399,0
British Virgin Islands,1,0
Brunei Darussalam,11,0
Bulgaria,7,0
Cambodia,5,0
Canada,6732,19
Cap Verde,3,0
Cayman Islands,9,0
Chile,5186,7
China,1089,0
Colombia,72,2
Costa Rica,222,1
Cote d'Ivoire,2,0
Cuba,34,0
Cyprus,9,0
Czech Republic,9,0
Denmark,41,0
Dominica,1,0
Dominican Republic,108,2
Ecuador,125,0
Egypt,43,0
El Salvador,160,0
Estonia,8,0
Ethiopia,2,0
Fiji,2,0
Finland,26,0
France,191,0
French Polynesia,1,0
Martinique,2,0
Germany,333,0
Greece,73,0
Guatemala,254,2
Honduras,118,1
Hungary,8,0
Iceland,4,0
India,64,0
Indonesia,2,0
Iran,1,0
Ireland,29,0
Israel,405,0
Italy,102,0
Jamaica,19,0
Japan,1049,0
Jordan,15,0
Korea,142,0
Kuwait,30,0
Laos,3,0
Latvia,1,0
Lebanon,25,0
Luxembourg,3,0
Malaysia,68,0
Mexico,8279,116
Montenegro,1,0
Morocco,11,0
Netherlands,116,0
Netherlands Antilles,3,0
Netherlands Antilles,1,0
New Zealand,453,0
Nicaragua,265,0
Norway,22,0
Oman,3,0
Panama,358,0
Papua New Guinea,1,0
Paraguay,79,0
Peru,252,0
Philippines,445,1
Poland,13,0
Portugal,7,0
Qatar,10,0
Romania,19,0
Russia,3,0
Samoa,1,0
Saudi Arabia,48,0
Serbia,2,0
Singapore,315,0
Slovakia,7,0
Slovenia,3,0
South Africa,1,0
Spain,541,0
Sri Lanka,7,0
Suriname,11,0
Sweden,61,0
Switzerland,47,0
Thailand,774,0
Trinidad and Tobago,25,0
Tunisia,2,0
Turkey,26,0
Ukraine,1,0
United Arab Emirates,7,0
United Kingdom,3597,1
Guernsey,1,0
Isle of Man,1,0
Jersey,8,0
United States of America,21449,87
Uruguay,195,0
Vanuatu,2,0
Venezuela,153,0
Viet Nam,63,0
West Bank and Gaza Strip,9,0
Yemen,6,0
Algeria,2,0
Antigua and Barbuda,2,0
Argentina,1213,7
Australia,2857,2
Austria,12,0
Bahamas,4,0
Bahrain,15,0
Bangladesh,1,0
Barbados,5,0
Belgium,30,0
Bermuda,1,0
Bolivia,44,0
Brazil,334,0
British Virgin Islands,1,0
Brunei Darussalam,4,0
Bulgaria,5,0
Cambodia,1,0
Canada,6457,15
Cap Verde,3,0
Cayman Islands,7,0
Chile,4315,4
China,906,0
Colombia,71,2
Costa Rica,189,1
Cote d'Ivoire,2,0
Cuba,15,0
Cyprus,5,0
Czech Republic,7,0
Denmark,34,0
Dominica,1,0
Dominican Republic,108,2
Ecuador,115,0
Egypt,40,0
El Salvador,160,0
Estonia,5,0
Ethiopia,2,0
Fiji,2,0
Finland,26,0
France,171,0
French Polynesia,1,0
Martinique,2,0
Germany,301,0
Greece,58,0
Guatemala,235,1
Honduras,118,0
Hungary,7,0
Iceland,4,0
India,64,0
Ireland,23,0
Israel,375,0
Italy,96,0
Jamaica,19,0
Japan,893,0
Jordan,15,0
Korea,115,0
Kuwait,26,0
Laos,3,0
Latvia,1,0
Lebanon,25,0
Luxembourg,3,0
Malaysia,68,0
Mexico,7847,115
Montenegro,1,0
Morocco,9,0
Netherlands,110,0
Netherlands Antilles,3,0
Netherlands Antilles,1,0
New Zealand,386,0
Nicaragua,220,0
Norway,22,0
Oman,3,0
Panama,330,0
Papua New Guinea,1,0
Paraguay,58,0
Peru,217,0
Philippines,445,1
Poland,13,0
Portugal,6,0
Qatar,10,0
Romania,19,0
Russia,3,0
Samoa,1,0
Saudi Arabia,45,0
Singapore,194,0
Slovakia,4,0
Slovenia,1,0
South Africa,1,0
Spain,539,0
Sri Lanka,5,0
Suriname,11,0
Sweden,55,0
Switzerland,33,0
Thailand,774,0
Trinidad and Tobago,25,0
Tunisia,2,0
Turkey,26,0
Ukraine,1,0
United Arab Emirates,2,0
United Kingdom,2905,1
Isle of Man,1,0
Jersey,3,0
United States of America,21449,87
Uruguay,195,0
Vanuatu,1,0
Venezuela,135,0
Viet Nam,56,0
West Bank and Gaza Strip,8,0
Yemen,6,0
Algeria,1,0
Argentina,1010,7
Australia,2436,1
Austria,9,0
Bahamas,2,0
Bahrain,15,0
Bangladesh,1,0
Barbados,4,0
Belgium,29,0
Bermuda,1,0
Bolivia,25,0
Brazil,131,0
British Virgin Islands,1,0
Brunei Darussalam,1,0
Bulgaria,2,0
Canada,5710,13
Cayman Islands,4,0
Chile,4315,4
China,739,0
Colombia,71,2
Costa Rica,149,1
Cuba,15,0
Cyprus,4,0
Czech Republic,7,0
Denmark,23,0
Dominica,1,0
Dominican Republic,93,1
Ecuador,95,0
Egypt,39,0
El Salvador,160,0
Estonia,5,0
Fiji,1,0
Finland,13,0
France,147,0
French Polynesia,1,0
Martinique,1,0
Germany,275,0
Greece,48,0
Guatemala,208,1
Honduras,108,0
Hungary,7,0
Iceland,4,0
India,44,0
Ireland,23,0
Israel,291,0
Italy,88,0
Jamaica,19,0
Japan,850,0
Jordan,13,0
Korea,105,0
Kuwait,26,0
Laos,2,0
Lebanon,12,0
Luxembourg,3,0
Malaysia,23,0
Mexico,7624,113
Morocco,6,0
Netherlands,91,0
Netherlands Antilles,3,0
Netherlands Antilles,1,0
New Zealand,258,0
Nicaragua,189,0
Norway,17,0
Oman,3,0
Panama,330,0
Papua New Guinea,1,0
Paraguay,48,0
Peru,185,0
Philippines,344,0
Poland,13,0
Portugal,6,0
Qatar,8,0
Romania,18,0
Russia,3,0
Samoa,1,0
Saudi Arabia,35,0
Singapore,142,0
Slovakia,3,0
Slovenia,1,0
South Africa,1,0
Spain,522,0
Sri Lanka,4,0
Suriname,11,0
Sweden,48,0
Switzerland,31,0
Thailand,589,0
Trinidad and Tobago,18,0
Turkey,20,0
Ukraine,1,0
United Arab Emirates,2,0
United Kingdom,2506,1
Isle of Man,1,0
Jersey,1,0
United States of America,21449,87
Uruguay,36,0
Venezuela,71,0
Viet Nam,35,0
West Bank and Gaza Strip,8,0
Yemen,5,0
Argentina,918,4
Australia,2199,0
Austria,8,0
Bahamas,2,0
Bahrain,12,0
Barbados,4,0
Belgium,19,0
Bermuda,1,0
Bolivia,11,0
Brazil,96,0
British Virgin Islands,1,0
Bulgaria,2,0
Canada,4905,12
Cayman Islands,4,0
Chile,3125,2
China,519,0
Colombia,60,1
Costa Rica,149,1
Cuba,15,0
Cyprus,1,0
Czech Republic,5,0
Denmark,22,0
Dominica,1,0
Dominican Republic,93,1
Ecuador,86,0
Egypt,29,0
El Salvador,160,0
Estonia,5,0
Finland,13,0
France,131,0
French Polynesia,1,0
Martinique,1,0
Germany,238,0
Greece,31,0
Guatemala,153,1
Honduras,108,0
Hungary,7,0
Iceland,4,0
India,30,0
Ireland,16,0
Israel,219,0
Italy,88,0
Jamaica,14,0
Japan,690,0
Jordan,2,0
Korea,84,0
Kuwait,18,0
Laos,1,0
Lebanon,12,0
Luxembourg,2,0
Malaysia,23,0
Mexico,7624,113
Morocco,8,0
Netherlands,87,0
Netherlands Antilles,3,0
Netherlands Antilles,1,0
New Zealand,216,0
Nicaragua,144,0
Norway,17,0
Oman,3,0
Panama,272,0
Papua New Guinea,1,0
Paraguay,27,0
Peru,141,0
Philippines,311,0
Poland,7,0
Portugal,5,0
Qatar,3,0
Romania,18,0
Russia,3,0
Samoa,1,0
Saudi Arabia,22,0
Singapore,77,0
Slovakia,3,0
South Africa,1,0
Spain,512,0
Sri Lanka,1,0
Suriname,11,0
Sweden,43,0
Switzerland,27,0
Thailand,518,0
Trinidad and Tobago,18,0
Turkey,20,0
Ukraine,1,0
United Arab Emirates,2,0
United Kingdom,1752,1
Isle of Man,1,0
Jersey,1,0
United States of America,17855,44
Uruguay,36,0
Venezuela,60,0
Viet Nam,27,0
West Bank and Gaza Strip,5,0
Yemen,4,0
Argentina,733,1
Australia,2112,0
Austria,7,0
Bahamas,2,0
Bahrain,12,0
Barbados,3,0
Belgium,19,0
Bermuda,1,0
Bolivia,11,0
Brazil,79,0
British Virgin Islands,1,0
Bulgaria,2,0
Canada,4049,7
Cayman Islands,4,0
Chile,2335,2
China,382,0
Colombia,53,1
Costa Rica,149,1
Cuba,7,0
Cyprus,1,0
Czech Republic,4,0
Denmark,15,0
Dominica,1,0
Dominican Republic,93,1
Ecuador,86,0
Egypt,26,0
El Salvador,125,0
Estonia,4,0
Finland,12,0
France,118,0
France,1,0
France,1,0
Germany,195,0
Greece,23,0
Guatemala,128,1
Honduras,100,0
Hungary,4,0
Iceland,4,0
India,30,0
Ireland,12,0
Israel,152,0
Italy,72,0
Jamaica,12,0
Japan,666,0
Jordan,2,0
Korea,65,0
Kuwait,18,0
Lebanon,11,0
Luxembourg,2,0
Malaysia,17,0
Mexico,6241,108
Morocco,3,0
Netherlands,68,0
Netherlands,1,0
New Zealand,127,0
Nicaragua,118,0
Norway,13,0
Panama,272,0
Paraguay,25,0
Peru,112,0
Philippines,193,0
Poland,7,0
Portugal,3,0
Qatar,3,0
Romania,16,0
Russia,3,0
Samoa,1,0
Saudi Arabia,17,0
Singapore,49,0
Slovakia,3,0
Spain,499,0
Sri Lanka,1,0
Sweden,37,0
Switzerland,27,0
Thailand,310,0
Trinidad and Tobago,5,0
Turkey,16,0
Ukraine,1,0
United Arab Emirates,1,0
United Kingdom,1461,1
United Kingdom,1,0
United Kingdom,1,0
United States of America,17855,44
Uruguay,36,0
Venezuela,45,0
Viet Nam,27,0
West Bank and Gaza Strip,2,0
Yemen,1,0
Argentina,343,0
Australia,1823,0
Austria,7,0
Bahamas,1,0
Bahrain,1,0
Barbados,3,0
Belgium,17,0
Bolivia,7,0
Brazil,54,0
Bulgaria,2,0
Canada,2978,4
Cayman Islands,2,0
Chile,1694,2
China,318,0
Colombia,42,1
Costa Rica,104,1
Cuba,6,0
Cyprus,1,0
Czech Republic,4,0
Denmark,12,0
Dominica,1,0
Dominican Republic,93,1
Ecuador,80,0
Egypt,18,0
El Salvador,95,0
Estonia,4,0
Finland,4,0
France,80,0
Germany,170,0
Greece,19,0
Guatemala,119,1
Honduras,89,0
Hungary,4,0
Iceland,4,0
India,16,0
Ireland,12,0
Israel,117,0
Italy,67,0
Jamaica,11,0
Japan,605,0
Korea,65,0
Kuwait,18,0
Lebanon,8,0
Luxembourg,1,0
Malaysia,5,0
Mexico,6241,108
Morocco,1,0
Netherlands,61,0
New Zealand,86,0
Nicaragua,56,0
Norway,13,0
Panama,272,0
Paraguay,25,0
Peru,91,0
Philippines,77,0
Poland,7,0
Portugal,3,0
Romania,13,0
Russia,3,0
Saudi Arabia,11,0
Singapore,47,0
Slovakia,3,0
Spain,488,0
Sweden,32,0
Switzerland,22,0
Thailand,29,0
Trinidad and Tobago,5,0
Turkey,10,0
Ukraine,1,0
United Arab Emirates,1,0
United Kingdom,1226,0
United States of America,17855,45
Uruguay,36,0
Venezuela,25,0
Viet Nam,25,0
West Bank and Gaza Strip,2,0
Argentina,343,0
Australia,1307,0
Austria,7,0
Bahamas,1,0
Bahrain,1,0
Barbados,3,0
Belgium,14,0
Bolivia,5,0
Brazil,52,0
Bulgaria,2,0
Canada,2978,4
Cayman Islands,2,0
Chile,1694,2
China,188,0
Colombia,35,1
Costa Rica,104,1
Cuba,6,0
Cyprus,1,0
Czech Republic,4,0
Denmark,11,0
Dominica,1,0
Dominican Republic,91,1
Ecuador,67,0
Egypt,10,0
El Salvador,69,0
Estonia,4,0
Finland,4,0
France,73,0
Germany,95,0
Greece,7,0
Guatemala,74,1
Honduras,89,0
Hungary,4,0
Iceland,4,0
India,9,0
Ireland,12,0
Israel,68,0
Italy,56,0
Jamaica,11,0
Japan,549,0
Korea,53,0
Kuwait,18,0
Lebanon,8,0
Luxembourg,1,0
Malaysia,5,0
Mexico,6241,108
Netherlands,35,0
New Zealand,27,0
Nicaragua,56,0
Norway,13,0
Panama,221,0
Paraguay,25,0
Peru,79,0
Philippines,77,0
Poland,7,0
Portugal,2,0
Romania,11,0
Russia,3,0
Saudi Arabia,1,0
Singapore,18,0
Slovakia,3,0
Spain,488,0
Sweden,19,0
Switzerland,20,0
Thailand,8,0
Trinidad and Tobago,4,0
Turkey,10,0
Ukraine,1,0
United Arab Emirates,1,0
United Kingdom,822,0
United States of America,13217,27
Uruguay,36,0
Venezuela,25,0
Viet Nam,23,0
Argentina,256,0
Australia,1307,0
Austria,7,0
Bahamas,1,0
Bahrain,1,0
Barbados,3,0
Belgium,14,0
Bolivia,5,0
Brazil,40,0
Bulgaria,2,0
Canada,2446,4
Cayman Islands,2,0
Chile,1694,2
China,174,0
Colombia,35,1
Costa Rica,104,1
Cuba,5,0
Cyprus,1,0
Czech Republic,4,0
Denmark,10,0
Dominica,1,0
Dominican Republic,91,1
Ecuador,67,0
Egypt,10,0
El Salvador,69,0
Estonia,4,0
Finland,4,0
France,73,0
Germany,95,0
Greece,7,0
Guatemala,60,0
Honduras,89,0
Hungary,4,0
Iceland,3,0
India,9,0
Ireland,12,0
Israel,68,0
Italy,54,0
Jamaica,10,0
Japan,518,0
Korea,53,0
Kuwait,18,0
Lebanon,8,0
Luxembourg,1,0
Malaysia,5,0
Mexico,6241,108
Netherlands,30,0
New Zealand,23,0
Nicaragua,45,0
Norway,13,0
Panama,221,0
Paraguay,25,0
Peru,64,0
Philippines,77,0
Poland,7,0
Portugal,2,0
Romania,11,0
Russia,3,0
Saudi Arabia,1,0
Singapore,18,0
Slovakia,3,0
Spain,357,0
Sweden,19,0
Switzerland,20,0
Thailand,8,0
Trinidad and Tobago,2,0
Turkey,10,0
Ukraine,1,0
United Arab Emirates,1,0
United Kingdom,822,0
United States of America,13217,27
Uruguay,24,0
Venezuela,13,0
Viet Nam,16,0
Argentina,235,0
Australia,1224,0
Austria,5,0
Bahamas,2,0
Bahrain,1,0
Barbados,2,0
Belgium,14,0
Bolivia,3,0
Brazil,36,0
Bulgaria,2,0
Canada,2446,4
Cayman Islands,1,0
Chile,1694,2
China,142,0
Colombia,35,0
Costa Rica,93,1
Cuba,5,0
Cyprus,1,0
Czech Republic,2,0
Denmark,8,0
Dominica,1,0
Dominican Republic,91,1
Ecuador,60,0
Egypt,8,0
El Salvador,69,0
Estonia,4,0
Finland,4,0
France,71,0
Germany,78,0
Greece,5,0
Guatemala,60,0
Honduras,89,0
Hungary,3,0
Iceland,2,0
India,4,0
Ireland,12,0
Israel,63,0
Italy,50,0
Jamaica,7,0
Japan,485,0
Korea,48,0
Kuwait,18,0
Lebanon,8,0
Luxembourg,1,0
Malaysia,5,0
Mexico,5717,106
Netherlands,22,0
New Zealand,23,0
Nicaragua,29,0
Norway,9,0
Panama,221,0
Paraguay,16,0
Peru,64,0
Philippines,54,0
Poland,6,0
Portugal,2,0
Romania,9,0
Russia,3,0
Saudi Arabia,1,0
Singapore,18,0
Slovakia,3,0
Spain,331,0
Sweden,16,0
Switzerland,16,0
Thailand,8,0
Trinidad and Tobago,2,0
Turkey,10,0
Ukraine,1,0
United Arab Emirates,1,0
United Kingdom,666,0
United States of America,13217,27
Uruguay,24,0
Venezuela,12,0
Viet Nam,15,0
Argentina,202,0
Australia,1051,0
Austria,5,0
Bahamas,1,0
Bahrain,1,0
Barbados,2,0
Belgium,14,0
Bolivia,3,0
Brazil,35,0
Bulgaria,2,0
Canada,2115,3
Cayman Islands,1,0
Chile,411,1
China,108,0
Colombia,25,0
Costa Rica,68,1
Cuba,5,0
Cyprus,1,0
Czech Republic,2,0
Denmark,7,0
Dominica,1,0
Dominican Republic,44,1
Ecuador,60,0
Egypt,1,0
El Salvador,69,0
Estonia,3,0
Finland,4,0
France,58,0
Germany,63,0
Greece,5,0
Guatemala,30,0
Honduras,34,0
Hungary,3,0
Iceland,1,0
India,4,0
Ireland,11,0
Israel,54,0
Italy,50,0
Jamaica,4,0
Japan,410,0
Korea,47,0
Kuwait,18,0
Lebanon,3,0
Luxembourg,1,0
Malaysia,5,0
Mexico,5717,106
Netherlands,10,0
New Zealand,14,0
Nicaragua,18,0
Norway,9,0
Panama,179,0
Paraguay,5,0
Peru,61,0
Philippines,33,0
Poland,5,0
Portugal,2,0
Romania,9,0
Russia,3,0
Saudi Arabia,1,0
Singapore,15,0
Slovakia,3,0
Spain,291,0
Sweden,14,0
Switzerland,16,0
Thailand,8,0
Trinidad and Tobago,2,0
Turkey,10,0
United Arab Emirates,1,0
United Kingdom,557,0
United States of America,13217,27
Uruguay,17,0
Venezuela,4,0
Viet Nam,9,0
Argentina,147,0
Australia,876,0
Austria,2,0
Bahamas,1,0
Bahrain,1,0
Barbados,1,0
Belgium,13,0
Bolivia,3,0
Brazil,28,0
Bulgaria,1,0
Canada,1795,3
Chile,369,1
China,89,0
Colombia,24,0
Costa Rica,68,1
Cuba,4,0
Cyprus,1,0
Czech Republic,2,0
Denmark,4,0
Dominican Republic,33,0
Ecuador,43,0
Egypt,1,0
El Salvador,49,0
Estonia,3,0
Finland,4,0
France,47,0
Germany,43,0
Greece,5,0
Guatemala,23,0
Honduras,34,0
Hungary,3,0
Iceland,1,0
India,4,0
Ireland,8,0
Israel,39,0
Italy,38,0
Jamaica,2,0
Japan,410,0
Korea,41,0
Kuwait,18,0
Lebanon,3,0
Luxembourg,1,0
Malaysia,2,0
Mexico,5563,103
Netherlands,4,0
New Zealand,11,0
Nicaragua,5,0
Norway,9,0
Panama,173,0
Paraguay,5,0
Peru,47,0
Philippines,29,0
Poland,4,0
Portugal,2,0
Romania,8,0
Russia,3,0
Saudi Arabia,1,0
Singapore,12,0
Slovakia,3,0
Spain,218,0
Sweden,13,0
Switzerland,10,0
Thailand,8,0
Turkey,8,0
United Kingdom,428,0
United States of America,11054,17
Uruguay,15,0
Venezuela,4,0
Viet Nam,3,0
Argentina,131,0
Australia,501,0
Austria,1,0
Bahamas,1,0
Bahrain,1,0
Belgium,13,0
Bolivia,3,0
Brazil,20,0
Bulgaria,1,0
Canada,1530,2
Chile,313,0
China,69,0
Colombia,20,0
Costa Rica,50,1
Cuba,4,0
Cyprus,1,0
Czech Republic,1,0
Denmark,1,0
Dominican Republic,11,0
Ecuador,39,0
Egypt,1,0
El Salvador,41,0
Estonia,1,0
Finland,4,0
France,26,0
Germany,28,0
Greece,5,0
Guatemala,14,0
Honduras,2,0
Hungary,1,0
Iceland,1,0
India,1,0
Ireland,4,0
Israel,33,0
Italy,30,0
Jamaica,2,0
Japan,385,0
Korea,41,0
Kuwait,18,0
Lebanon,3,0
Malaysia,2,0
Mexico,5029,97
Netherlands,4,0
New Zealand,10,0
Nicaragua,1,0
Norway,4,0
Panama,155,0
Paraguay,5,0
Peru,40,0
Philippines,16,0
Poland,4,0
Portugal,2,0
Romania,5,0
Russia,3,0
Singapore,9,0
Slovakia,2,0
Spain,180,0
Sweden,7,0
Switzerland,10,0
Thailand,2,0
Turkey,4,0
United Kingdom,339,0
United States of America,10053,17
Uruguay,15,0
Venezuela,3,0
Viet Nam,3,0
Argentina,100,0
Australia,297,0
Austria,1,0
Bahamas,1,0
Bahrain,1,0
Belgium,12,0
Bolivia,3,0
Brazil,18,0
Canada,1336,2
Chile,250,0
China,52,0
Colombia,20,0
Costa Rica,37,1
Cuba,4,0
Cyprus,1,0
Czech Republic,1,0
Denmark,1,0
Dominican Republic,2,0
Ecuador,39,0
El Salvador,27,0
Estonia,1,0
Finland,3,0
France,24,0
Germany,28,0
Greece,4,0
Guatemala,12,0
Honduras,2,0
Hungary,1,0
Iceland,1,0
India,1,0
Ireland,4,0
Israel,19,0
Italy,29,0
Jamaica,2,0
Japan,370,0
Korea,33,0
Kuwait,18,0
Malaysia,2,0
Mexico,5029,97
Netherlands,3,0
New Zealand,9,0
Norway,4,0
Panama,107,0
Paraguay,5,0
Peru,36,0
Philippines,16,0
Poland,4,0
Portugal,1,0
Romania,3,0
Russia,3,0
Singapore,5,0
Slovakia,2,0
Spain,178,0
Sweden,4,0
Switzerland,8,0
Thailand,2,0
Turkey,4,0
United Kingdom,229,0
United States of America,8975,15
Uruguay,11,0
Venezuela,2,0
Viet Nam,1,0
Argentina,37,0
Australia,147,0
Austria,1,0
Bahrain,1,0
Belgium,8,0
Brazil,10,0
Canada,1118,2
Chile,165,0
China,30,0
Colombia,17,0
Costa Rica,33,1
Cuba,4,0
Czech Republic,1,0
Denmark,1,0
Dominican Republic,2,0
Ecuador,32,0
El Salvador,11,0
Finland,3,0
France,21,0
Germany,19,0
Greece,3,0
Guatemala,5,0
Honduras,1,0
Iceland,1,0
India,1,0
Ireland,3,0
Israel,11,0
Italy,26,0
Japan,364,0
Korea,33,0
Kuwait,18,0
Malaysia,2,0
Mexico,4910,85
Netherlands,3,0
New Zealand,9,0
Norway,4,0
Panama,107,0
Peru,31,0
Philippines,6,0
Poland,4,0
Portugal,1,0
Romania,3,0
Russia,2,0
Singapore,4,0
Slovakia,1,0
Spain,143,0
Sweden,4,0
Switzerland,4,0
Thailand,2,0
Turkey,2,0
United Kingdom,203,0
United States of America,7927,11
Uruguay,2,0
Argentina,19,0
Australia,39,0
Austria,1,0
Bahrain,1,0
Belgium,7,0
Brazil,9,0
Canada,921,1
Chile,86,0
China,22,0
Colombia,16,0
Costa Rica,33,1
Cuba,4,0
Denmark,1,0
Ecuador,28,0
El Salvador,11,0
Finland,2,0
France,16,0
Germany,17,0
Greece,1,0
Guatemala,5,0
Honduras,1,0
Iceland,1,0
India,1,0
Ireland,1,0
Israel,9,0
Italy,23,0
Japan,360,0
Korea,21,0
Kuwait,18,0
Malaysia,2,0
Mexico,4541,83
Netherlands,3,0
New Zealand,9,0
Norway,4,0
Panama,76,0
Peru,27,0
Philippines,2,0
Poland,3,0
Portugal,1,0
Russia,2,0
Singapore,1,0
Spain,138,0
Sweden,3,0
Switzerland,3,0
Thailand,2,0
Turkey,2,0
United Kingdom,137,0
United States of America,6764,10
Argentina,5,0
Australia,19,0
Austria,1,0
Belgium,7,0
Brazil,9,0
Canada,921,1
Chile,74,0
China,20,0
Colombia,16,0
Costa Rica,33,1
Cuba,4,0
Denmark,1,0
Ecuador,24,0
El Salvador,6,0
Finland,2,0
France,16,0
Germany,17,0
Greece,1,0
Guatemala,4,0
Honduras,1,0
Iceland,1,0
India,1,0
Ireland,1,0
Israel,8,0
Italy,19,0
Japan,350,0
Korea,21,0
Kuwait,18,0
Malaysia,2,0
Mexico,4174,80
Netherlands,3,0
New Zealand,9,0
Norway,4,0
Panama,76,0
Peru,27,0
Philippines,2,0
Poland,3,0
Portugal,1,0
Russia,2,0
Spain,136,0
Sweden,3,0
Switzerland,3,0
Thailand,2,0
Turkey,2,0
United Kingdom,137,0
United States of America,6764,10
Argentina,2,0
Australia,16,0
Austria,1,0
Belgium,7,0
Brazil,9,0
Canada,805,1
Chile,44,0
China,15,0
Colombia,13,0
Costa Rica,28,1
Cuba,4,0
Denmark,1,0
Ecuador,10,0
El Salvador,6,0
Finland,2,0
France,16,0
Germany,17,0
Greece,1,0
Guatemala,4,0
Honduras,1,0
Iceland,1,0
India,1,0
Ireland,1,0
Israel,8,0
Italy,19,0
Japan,345,0
Korea,3,0
Kuwait,18,0
Malaysia,2,0
Mexico,4174,80
Netherlands,3,0
New Zealand,9,0
Norway,4,0
Panama,76,0
Peru,25,0
Philippines,1,0
Poland,3,0
Portugal,1,0
Russia,1,0
Spain,133,0
Sweden,3,0
Switzerland,3,0
Thailand,2,0
Turkey,2,0
United Kingdom,122,0
United States of America,6552,9
Argentina,1,0
Australia,12,0
Austria,1,0
Belgium,7,0
Brazil,8,0
Canada,719,1
Chile,24,0
China,11,0
Colombia,12,0
Costa Rica,20,1
Cuba,4,0
Denmark,1,0
Ecuador,8,0
El Salvador,6,0
Finland,2,0
France,16,0
Germany,17,0
Greece,1,0
Guatemala,4,0
India,1,0
Ireland,1,0
Israel,7,0
Italy,14,0
Japan,321,0
Korea,3,0
Malaysia,2,0
Mexico,3892,75
Netherlands,3,0
New Zealand,9,0
Norway,4,0
Panama,76,0
Peru,5,0
Philippines,1,0
Poland,2,0
Portugal,1,0
Russia,1,0
Spain,126,0
Sweden,3,0
Switzerland,2,0
Thailand,2,0
Turkey,2,0
United Kingdom,117,0
United States of America,6552,9
